filename,common_name,timestamp,identified_by
N06/07280034.JPG,Spix's Guan,7/28/19 17:43,Paula Castiblanco
N06/08080213.JPG,Bird,8/8/19 6:08,Paula Castiblanco
N06/09180469.JPG,Collared Peccary,9/18/19 8:37,Paula Castiblanco
N06/11150786.JPG,South American Coati,11/15/19 17:02,Paula Castiblanco
N06/12070902.JPG,Caprimulgidae Family,12/7/19 18:08,Paula Castiblanco
N06/09180450.JPG,Bird,9/18/19 6:39,Paula Castiblanco
N06/08030105.JPG,Bird,8/3/19 12:45,Paula Castiblanco
N06/11050753.JPG,Tayra,11/5/19 15:33,Paula Castiblanco
N06/10100568.JPG,Bird,10/10/19 12:18,Paula Castiblanco
N06/12020872.JPG,Rodent,12/2/19 22:26,Paula Castiblanco
N06/07310071.JPG,Rodent,7/31/19 19:21,Paula Castiblanco
N06/09270493.JPG,Bird,9/27/19 12:44,Paula Castiblanco
N06/12020874.JPG,Rodent,12/2/19 22:26,Paula Castiblanco
N06/11040744.JPG,Human,11/4/19 9:39,Paula Castiblanco
N06/08120238.JPG,Bird,8/12/19 17:16,Paula Castiblanco
N06/07230016.JPG,Possum Family,7/23/19 22:40,Paula Castiblanco
N06/08040118.JPG,Bird,8/4/19 6:23,Paula Castiblanco
N06/08050162.JPG,Bird,8/5/19 6:37,Paula Castiblanco
N06/01030028.JPG,Giant Armadillo,1/3/20 2:09,Paula Castiblanco
N06/08150260.JPG,Bird,8/15/19 6:16,Paula Castiblanco
N06/08040134.JPG,Bird,8/4/19 8:16,Paula Castiblanco
N06/10160622.JPG,Possum Family,10/16/19 4:45,Paula Castiblanco
N06/09270498.JPG,Black Agouti,9/27/19 14:32,Paula Castiblanco
N06/08050152.JPG,Bird,8/5/19 6:30,Paula Castiblanco
N06/10160627.JPG,Bird,10/16/19 7:33,Paula Castiblanco
N06/08110223.JPG,Crestless Curassow,8/11/19 7:26,Paula Castiblanco
N06/09140437.JPG,Bird,9/14/19 11:51,Paula Castiblanco
N06/09180470.JPG,Collared Peccary,9/18/19 8:37,Paula Castiblanco
N06/07250028.JPG,Bird,7/25/19 6:33,Paula Castiblanco
N06/10250689.JPG,Bird,10/25/19 15:45,Paula Castiblanco
N06/08250333.JPG,Spix's Guan,8/25/19 11:32,Paula Castiblanco
N06/10250697.JPG,Bird,10/25/19 16:05,Paula Castiblanco
N06/08130241.JPG,Bird,8/13/19 5:59,Paula Castiblanco
N06/08040146.JPG,Bird,8/4/19 11:55,Paula Castiblanco
N06/12070896.JPG,Caprimulgidae Family,12/7/19 18:07,Paula Castiblanco
N06/09160443.JPG,Possum Family,9/16/19 23:08,Paula Castiblanco
N06/11240825.JPG,Amazonian Motmot,11/24/19 10:50,Paula Castiblanco
N06/11050755.JPG,Tayra,11/5/19 15:34,Paula Castiblanco
N06/09180445.JPG,Bird,9/18/19 6:38,Paula Castiblanco
N06/08050157.JPG,Bird,8/5/19 6:37,Paula Castiblanco
N06/12270985.JPG,Crestless Curassow,12/27/19 14:50,Paula Castiblanco
N06/09180459.JPG,Collared Peccary,9/18/19 8:37,Paula Castiblanco
N06/07300058.JPG,Spotted Paca,7/30/19 1:52,Paula Castiblanco
N06/09140434.JPG,Bird,9/14/19 11:51,Paula Castiblanco
N06/12300013.JPG,Bird,12/30/19 7:33,Paula Castiblanco
N06/08030080.JPG,Bird,8/3/19 6:06,Paula Castiblanco
N06/10110587.JPG,Bird,10/11/19 13:12,Paula Castiblanco
N06/08060187.JPG,Bird,8/6/19 9:34,Paula Castiblanco
N06/11210813.JPG,Southern Tamandua,11/21/19 5:10,Paula Castiblanco
N06/08220315.JPG,Bird,8/22/19 11:54,Paula Castiblanco
N06/11040746.JPG,Human,11/4/19 9:39,Paula Castiblanco
N06/07280035.JPG,Spix's Guan,7/28/19 17:43,Paula Castiblanco
N06/10110589.JPG,Bird,10/11/19 16:02,Paula Castiblanco
N06/10230647.JPG,Bird,10/23/19 6:05,Paula Castiblanco
N06/10070551.JPG,Puma,10/7/19 21:27,Paula Castiblanco
N06/08180292.JPG,Bird,8/18/19 7:48,Paula Castiblanco
N06/08150258.JPG,Bird,8/15/19 6:04,Paula Castiblanco
N06/10250695.JPG,Bird,10/25/19 15:46,Paula Castiblanco
N06/10100563.JPG,Bird,10/10/19 8:15,Paula Castiblanco
N06/08050164.JPG,Bird,8/5/19 10:46,Paula Castiblanco
N06/08160274.JPG,Bird,8/16/19 6:45,Paula Castiblanco
N06/12100937.JPG,Caprimulgidae Family,12/10/19 5:39,Paula Castiblanco
N06/10230665.JPG,Spotted Paca,10/23/19 19:44,Paula Castiblanco
N06/08040123.JPG,Bird,8/4/19 6:23,Paula Castiblanco
N06/10230671.JPG,Spotted Paca,10/23/19 19:44,Paula Castiblanco
N06/10250692.JPG,Bird,10/25/19 15:45,Paula Castiblanco
N06/08040137.JPG,Bird,8/4/19 8:17,Paula Castiblanco
N06/10010512.JPG,Bird,10/1/19 16:34,Paula Castiblanco
N06/10050525.JPG,Bird,10/5/19 7:42,Paula Castiblanco
N06/09020399.JPG,Bird,9/2/19 11:57,Paula Castiblanco
N06/09140431.JPG,Bird,9/14/19 11:42,Paula Castiblanco
N06/12270995.JPG,Rodent,12/27/19 19:08,Paula Castiblanco
N06/08180293.JPG,Bird,8/18/19 7:48,Paula Castiblanco
N06/12190958.JPG,Crestless Curassow,12/19/19 6:55,Paula Castiblanco
N06/07280037.JPG,Spix's Guan,7/28/19 17:43,Paula Castiblanco
N06/09180448.JPG,Bird,9/18/19 6:38,Paula Castiblanco
N06/07310070.JPG,Rodent,7/31/19 19:21,Paula Castiblanco
N06/10050522.JPG,Bird,10/5/19 7:42,Paula Castiblanco
N06/09180463.JPG,Collared Peccary,9/18/19 8:37,Paula Castiblanco
N06/08060169.JPG,Bird,8/6/19 6:16,Paula Castiblanco
N06/08270344.JPG,Bird,8/27/19 6:50,Paula Castiblanco
N06/12180955.JPG,Crestless Curassow,12/18/19 6:44,Paula Castiblanco
N06/07230014.JPG,Bird,7/23/19 13:44,Paula Castiblanco
N06/08100217.JPG,Black Agouti,8/10/19 16:21,Paula Castiblanco
N06/08220314.JPG,Bird,8/22/19 11:54,Paula Castiblanco
N06/12070881.JPG,Bird,12/7/19 15:57,Paula Castiblanco
N06/08050160.JPG,Bird,8/5/19 6:37,Paula Castiblanco
N06/12080916.JPG,Crestless Curassow,12/8/19 17:16,Paula Castiblanco
N06/12070880.JPG,Bird,12/7/19 15:57,Paula Castiblanco
N06/10110586.JPG,Bird,10/11/19 13:12,Paula Castiblanco
N06/10110593.JPG,Bird,10/11/19 16:03,Paula Castiblanco
N06/10030514.JPG,Crestless Curassow,10/3/19 8:12,Paula Castiblanco
N06/11040745.JPG,Human,11/4/19 9:39,Paula Castiblanco
N06/08080210.JPG,Bird,8/8/19 6:08,Paula Castiblanco
N06/10050531.JPG,Bird,10/5/19 8:06,Paula Castiblanco
N06/09250482.JPG,Bird,9/25/19 13:20,Paula Castiblanco
N06/08070195.JPG,Bird,8/7/19 6:15,Paula Castiblanco
N06/12070903.JPG,Caprimulgidae Family,12/7/19 18:08,Paula Castiblanco
N06/09180461.JPG,Collared Peccary,9/18/19 8:37,Paula Castiblanco
N06/07230024.JPG,Possum Family,7/23/19 22:40,Paula Castiblanco
N06/07230020.JPG,Possum Family,7/23/19 22:40,Paula Castiblanco
N06/07280036.JPG,Spix's Guan,7/28/19 17:43,Paula Castiblanco
N06/10250693.JPG,Bird,10/25/19 15:45,Paula Castiblanco
N06/07230011.JPG,Bird,7/23/19 13:44,Paula Castiblanco
N06/10160631.JPG,Rodent,10/16/19 22:13,Paula Castiblanco
N06/08050151.JPG,Bird,8/5/19 6:30,Paula Castiblanco
N06/12080927.JPG,Rodent,12/8/19 22:16,Paula Castiblanco
N06/08270350.JPG,Crestless Curassow,8/27/19 16:06,Paula Castiblanco
N06/11200798.JPG,Rodent,11/20/19 21:19,Paula Castiblanco
N06/10050526.JPG,Bird,10/5/19 7:42,Paula Castiblanco
N06/09070413.JPG,Rodent,9/7/19 20:12,Paula Castiblanco
N06/11150785.JPG,South American Coati,11/15/19 17:02,Paula Castiblanco
N06/09180464.JPG,Collared Peccary,9/18/19 8:37,Paula Castiblanco
N06/08140251.JPG,Black Agouti,8/14/19 16:33,Paula Castiblanco
N06/09180449.JPG,Bird,9/18/19 6:38,Paula Castiblanco
N06/11290841.JPG,Bird,11/29/19 6:22,Paula Castiblanco
N06/11210809.JPG,Southern Tamandua,11/21/19 5:10,Paula Castiblanco
N06/11240826.JPG,Amazonian Motmot,11/24/19 10:52,Paula Castiblanco
N06/12080917.JPG,Crestless Curassow,12/8/19 17:16,Paula Castiblanco
N06/08310377.JPG,Black Agouti,8/31/19 6:02,Paula Castiblanco
N06/10050523.JPG,Bird,10/5/19 7:42,Paula Castiblanco
N06/12100936.JPG,Caprimulgidae Family,12/10/19 5:38,Paula Castiblanco
N06/12070889.JPG,Bird,12/7/19 16:02,Paula Castiblanco
N06/09230476.JPG,Rodent,9/23/19 0:40,Paula Castiblanco
N06/01030029.JPG,Giant Armadillo,1/3/20 2:09,Paula Castiblanco
N06/08140247.JPG,Bird,8/14/19 6:34,Paula Castiblanco
N06/09020392.JPG,Black Agouti,9/2/19 6:01,Paula Castiblanco
N06/07230013.JPG,Bird,7/23/19 13:44,Paula Castiblanco
N06/10250687.JPG,Southern Tamandua,10/25/19 2:47,Paula Castiblanco
N06/12070883.JPG,Bird,12/7/19 15:57,Paula Castiblanco
N06/09070412.JPG,Rodent,9/7/19 20:12,Paula Castiblanco
N06/10050537.JPG,Bird,10/5/19 8:08,Paula Castiblanco
N06/09270490.JPG,Bird,9/27/19 12:44,Paula Castiblanco
N06/10100559.JPG,Bird,10/10/19 8:15,Paula Castiblanco
N06/09040408.JPG,Bird,9/4/19 7:58,Paula Castiblanco
N06/09010386.JPG,Black Agouti,9/1/19 5:56,Paula Castiblanco
N06/08310374.JPG,Black Agouti,8/31/19 6:02,Paula Castiblanco
N06/08060182.JPG,Bird,8/6/19 9:34,Paula Castiblanco
N06/09180467.JPG,Collared Peccary,9/18/19 8:37,Paula Castiblanco
N06/08310376.JPG,Black Agouti,8/31/19 6:02,Paula Castiblanco
N06/11240828.JPG,Amazonian Motmot,11/24/19 10:52,Paula Castiblanco
N06/08250331.JPG,Spix's Guan,8/25/19 11:32,Paula Castiblanco
N06/11220814.JPG,Southern Tamandua,11/22/19 4:19,Paula Castiblanco
N06/08150267.JPG,Bird,8/15/19 17:13,Paula Castiblanco
N06/09270499.JPG,Black Agouti,9/27/19 14:32,Paula Castiblanco
N06/12240972.JPG,Bird,12/24/19 10:18,Paula Castiblanco
N06/08220320.JPG,Bird,8/22/19 12:04,Paula Castiblanco
N06/08160286.JPG,Bird,8/16/19 8:35,Paula Castiblanco
N06/08160271.JPG,Bird,8/16/19 6:45,Paula Castiblanco
N06/10100572.JPG,Bird,10/10/19 12:19,Paula Castiblanco
N06/08050163.JPG,Bird,8/5/19 10:46,Paula Castiblanco
N06/10100561.JPG,Bird,10/10/19 8:15,Paula Castiblanco
N06/11070762.JPG,Possum Family,11/7/19 1:24,Paula Castiblanco
N06/01030034.JPG,Giant Armadillo,1/3/20 2:09,Paula Castiblanco
N06/12200966.JPG,Rodent,12/20/19 23:38,Paula Castiblanco
N06/08270348.JPG,Bird,8/27/19 6:50,Paula Castiblanco
N06/09250484.JPG,Bird,9/25/19 13:22,Paula Castiblanco
N06/10100571.JPG,Bird,10/10/19 12:19,Paula Castiblanco
N06/08280356.JPG,Black Agouti,8/28/19 5:57,Paula Castiblanco
N06/11040739.JPG,Human,11/4/19 9:39,Paula Castiblanco
N06/10160626.JPG,Bird,10/16/19 7:33,Paula Castiblanco
N06/08060190.JPG,Spix's Guan,8/6/19 11:07,Paula Castiblanco
N06/08040120.JPG,Bird,8/4/19 6:23,Paula Castiblanco
N06/10050524.JPG,Bird,10/5/19 7:42,Paula Castiblanco
N06/11120771.JPG,Bird,11/12/19 15:22,Paula Castiblanco
N06/08080208.JPG,Bird,8/8/19 6:08,Paula Castiblanco
N06/11290839.JPG,Unknown,11/29/19 6:22,Paula Castiblanco
N06/08180296.JPG,Bird,8/18/19 7:48,Paula Castiblanco
N06/10130598.JPG,Bird,10/13/19 14:20,Paula Castiblanco
N06/11070765.JPG,Amazonian Motmot,11/7/19 8:30,Paula Castiblanco
N06/07290053.JPG,Spotted Paca,7/29/19 23:11,Paula Castiblanco
N06/11290846.JPG,Bird,11/29/19 10:47,Paula Castiblanco
N06/10230672.JPG,Spotted Paca,10/23/19 19:44,Paula Castiblanco
N06/08270351.JPG,Crestless Curassow,8/27/19 16:06,Paula Castiblanco
N06/08160283.JPG,Bird,8/16/19 8:34,Paula Castiblanco
N06/12170953.JPG,Bird,12/17/19 12:43,Paula Castiblanco
N06/08160280.JPG,Bird,8/16/19 8:34,Paula Castiblanco
N06/08030110.JPG,Bird,8/3/19 12:46,Paula Castiblanco
N06/07300060.JPG,Spotted Paca,7/30/19 1:52,Paula Castiblanco
N06/11210810.JPG,Southern Tamandua,11/21/19 5:10,Paula Castiblanco
N06/08030114.JPG,Bird,8/3/19 12:48,Paula Castiblanco
N06/10250682.JPG,Southern Tamandua,10/25/19 2:46,Paula Castiblanco
N06/10110580.JPG,Bird,10/11/19 13:12,Paula Castiblanco
N06/10160628.JPG,Bird,10/16/19 7:33,Paula Castiblanco
N06/09140430.JPG,Bird,9/14/19 11:42,Paula Castiblanco
N06/08060185.JPG,Bird,8/6/19 9:34,Paula Castiblanco
N06/08030100.JPG,Bird,8/3/19 8:34,Paula Castiblanco
N06/10250681.JPG,Southern Tamandua,10/25/19 2:46,Paula Castiblanco
N06/08120239.JPG,Bird,8/12/19 17:16,Paula Castiblanco
N06/08140246.JPG,Bird,8/14/19 6:34,Paula Castiblanco
N06/08060174.JPG,Bird,8/6/19 6:16,Paula Castiblanco
N06/10170634.JPG,Bird,10/17/19 7:03,Paula Castiblanco
N06/11120767.JPG,Bird,11/12/19 15:22,Paula Castiblanco
N06/12300010.JPG,Bird,12/30/19 7:33,Paula Castiblanco
N06/09160442.JPG,Possum Family,9/16/19 23:08,Paula Castiblanco
N06/09160444.JPG,Possum Family,9/16/19 23:08,Paula Castiblanco
N06/08060175.JPG,Bird,8/6/19 6:16,Paula Castiblanco
N06/08040121.JPG,Bird,8/4/19 6:23,Paula Castiblanco
N06/07310072.JPG,Rodent,7/31/19 19:21,Paula Castiblanco
N06/08080205.JPG,Bird,8/8/19 5:57,Paula Castiblanco
N06/10260714.JPG,Rodent,10/26/19 21:49,Paula Castiblanco
N06/12260981.JPG,Crestless Curassow,12/26/19 6:59,Paula Castiblanco
N06/08040131.JPG,Bird,8/4/19 6:26,Paula Castiblanco
N06/08140244.JPG,Bird,8/14/19 6:34,Paula Castiblanco
N06/10100577.JPG,Bird,10/10/19 12:19,Paula Castiblanco
N06/10100579.JPG,Bird,10/10/19 12:19,Paula Castiblanco
N06/09150439.JPG,Bird,9/15/19 13:45,Paula Castiblanco
N06/08060181.JPG,Bird,8/6/19 9:34,Paula Castiblanco
N06/09270494.JPG,Bird,9/27/19 12:44,Paula Castiblanco
N06/08280355.JPG,Black Agouti,8/28/19 5:57,Paula Castiblanco
N06/12080926.JPG,Rodent,12/8/19 22:16,Paula Castiblanco
N06/08030116.JPG,Bird,8/3/19 12:48,Paula Castiblanco
N06/08220313.JPG,Bird,8/22/19 11:54,Paula Castiblanco
N06/09010383.JPG,Black Agouti,9/1/19 5:56,Paula Castiblanco
N06/01040038.JPG,Bird,1/4/20 6:59,Paula Castiblanco
N06/11240827.JPG,Amazonian Motmot,11/24/19 10:52,Paula Castiblanco
N06/10010508.JPG,Bird,10/1/19 16:34,Paula Castiblanco
N06/08080212.JPG,Bird,8/8/19 6:08,Paula Castiblanco
N06/01030031.JPG,Giant Armadillo,1/3/20 2:09,Paula Castiblanco
N06/08250338.JPG,Black Agouti,8/25/19 17:46,Paula Castiblanco
N06/10010513.JPG,Bird,10/1/19 16:34,Paula Castiblanco
N06/09270496.JPG,Black Agouti,9/27/19 14:31,Paula Castiblanco
N06/12150946.JPG,Spotted Paca,12/15/19 22:01,Paula Castiblanco
N06/12260982.JPG,Crestless Curassow,12/26/19 8:35,Paula Castiblanco
N06/10250701.JPG,Rodent,10/25/19 18:39,Paula Castiblanco
N06/11200805.JPG,Rodent,11/20/19 21:31,Paula Castiblanco
N06/11040743.JPG,Human,11/4/19 9:39,Paula Castiblanco
N06/11270831.JPG,Crestless Curassow,11/27/19 14:58,Paula Castiblanco
N06/07250029.JPG,Bird,7/25/19 6:33,Paula Castiblanco
N06/08240327.JPG,Spotted Paca,8/24/19 22:20,Paula Castiblanco
N06/12080913.JPG,Crestless Curassow,12/8/19 17:15,Paula Castiblanco
N06/12070897.JPG,Caprimulgidae Family,12/7/19 18:07,Paula Castiblanco
N06/12020873.JPG,Rodent,12/2/19 22:26,Paula Castiblanco
N06/12100939.JPG,Caprimulgidae Family,12/10/19 5:39,Paula Castiblanco
N06/11150787.JPG,South American Coati,11/15/19 17:02,Paula Castiblanco
N06/12270990.JPG,Crestless Curassow,12/27/19 14:50,Paula Castiblanco
N06/11040741.JPG,Human,11/4/19 9:39,Paula Castiblanco
N06/08140250.JPG,Black Agouti,8/14/19 16:33,Paula Castiblanco
N06/07300065.JPG,Bird,7/30/19 9:45,Paula Castiblanco
N06/08140245.JPG,Bird,8/14/19 6:34,Paula Castiblanco
N06/10250685.JPG,Southern Tamandua,10/25/19 2:47,Paula Castiblanco
N06/10050533.JPG,Bird,10/5/19 8:08,Paula Castiblanco
N06/11220818.JPG,Southern Tamandua,11/22/19 4:20,Paula Castiblanco
N06/09270491.JPG,Bird,9/27/19 12:44,Paula Castiblanco
N06/12080911.JPG,Bird,12/8/19 15:37,Paula Castiblanco
N06/08060179.JPG,Bird,8/6/19 6:16,Paula Castiblanco
N06/07290049.JPG,South American Coati,7/29/19 17:47,Paula Castiblanco
N06/10250680.JPG,Southern Tamandua,10/25/19 2:46,Paula Castiblanco
N06/08050159.JPG,Bird,8/5/19 6:37,Paula Castiblanco
N06/07290052.JPG,Spotted Paca,7/29/19 23:11,Paula Castiblanco
N06/07220001.JPG,Human,7/22/19 13:58,Paula Castiblanco
N06/12270992.JPG,Rodent,12/27/19 19:08,Paula Castiblanco
N06/08050148.JPG,Bird,8/5/19 6:28,Paula Castiblanco
N06/08050166.JPG,Bird,8/5/19 10:47,Paula Castiblanco
N06/08120236.JPG,Bird,8/12/19 6:18,Paula Castiblanco
N06/09070414.JPG,Rodent,9/7/19 20:12,Paula Castiblanco
N06/10210641.JPG,Spotted Paca,10/21/19 18:37,Paula Castiblanco
N06/11050751.JPG,Tayra,11/5/19 15:33,Paula Castiblanco
N06/11200791.JPG,Bird,11/20/19 16:14,Paula Castiblanco
N06/08030082.JPG,Bird,8/3/19 8:33,Paula Castiblanco
N06/08030085.JPG,Bird,8/3/19 8:34,Paula Castiblanco
N06/08040119.JPG,Bird,8/4/19 6:23,Paula Castiblanco
N06/08040147.JPG,Bird,8/4/19 11:55,Paula Castiblanco
N06/12010858.JPG,Unknown,12/1/19 4:43,Paula Castiblanco
N06/08080209.JPG,Bird,8/8/19 6:08,Paula Castiblanco
N06/11220815.JPG,Southern Tamandua,11/22/19 4:19,Paula Castiblanco
N06/08060178.JPG,Bird,8/6/19 6:16,Paula Castiblanco
N06/07230018.JPG,Possum Family,7/23/19 22:40,Paula Castiblanco
N06/11120773.JPG,Bird,11/12/19 15:22,Paula Castiblanco
N06/08150265.JPG,Bird,8/15/19 17:13,Paula Castiblanco
N06/12260984.JPG,Crestless Curassow,12/26/19 8:35,Paula Castiblanco
N06/07300064.JPG,Bird,7/30/19 9:45,Paula Castiblanco
N06/08030078.JPG,Bird,8/3/19 6:05,Paula Castiblanco
N06/09180451.JPG,Bird,9/18/19 6:39,Paula Castiblanco
N06/01030026.JPG,Giant Armadillo,1/3/20 2:09,Paula Castiblanco
N06/10110591.JPG,Bird,10/11/19 16:02,Paula Castiblanco
N06/12240975.JPG,Bird,12/24/19 17:34,Paula Castiblanco
N06/08040135.JPG,Bird,8/4/19 8:16,Paula Castiblanco
N06/08070200.JPG,Bird,8/7/19 6:15,Paula Castiblanco
N06/11040725.JPG,Possum Family,11/4/19 1:33,Paula Castiblanco
N06/10050529.JPG,Bird,10/5/19 8:06,Paula Castiblanco
N06/08030103.JPG,Bird,8/3/19 12:45,Paula Castiblanco
N06/10130601.JPG,Spix's Guan,10/13/19 16:32,Paula Castiblanco
N06/08110222.JPG,Crestless Curassow,8/11/19 7:26,Paula Castiblanco
N06/12190961.JPG,Dasypus Species,12/19/19 22:04,Paula Castiblanco
N06/01040039.JPG,Bird,1/4/20 6:59,Paula Castiblanco
N06/12080910.JPG,Bird,12/8/19 15:37,Paula Castiblanco
N06/12240973.JPG,Bird,12/24/19 17:34,Paula Castiblanco
N06/10160624.JPG,Possum Family,10/16/19 4:45,Paula Castiblanco
N06/10010510.JPG,Bird,10/1/19 16:34,Paula Castiblanco
N06/10100562.JPG,Bird,10/10/19 8:15,Paula Castiblanco
N06/11120769.JPG,Bird,11/12/19 15:22,Paula Castiblanco
N06/12080925.JPG,Rodent,12/8/19 22:16,Paula Castiblanco
N06/08310378.JPG,Black Agouti,8/31/19 6:02,Paula Castiblanco
N06/09250479.JPG,Bird,9/25/19 13:20,Paula Castiblanco
N06/12070888.JPG,Bird,12/7/19 15:58,Paula Castiblanco
N06/01030032.JPG,Giant Armadillo,1/3/20 2:09,Paula Castiblanco
N06/09010384.JPG,Black Agouti,9/1/19 5:56,Paula Castiblanco
N06/12080923.JPG,Rodent,12/8/19 22:11,Paula Castiblanco
N06/08030079.JPG,Bird,8/3/19 6:06,Paula Castiblanco
N06/09070415.JPG,Rodent,9/7/19 20:13,Paula Castiblanco
N06/08140248.JPG,Bird,8/14/19 6:34,Paula Castiblanco
N06/10030516.JPG,Crestless Curassow,10/3/19 8:12,Paula Castiblanco
N06/10250676.JPG,Southern Tamandua,10/25/19 2:46,Paula Castiblanco
N06/10250684.JPG,Southern Tamandua,10/25/19 2:46,Paula Castiblanco
N06/08030086.JPG,Bird,8/3/19 8:34,Paula Castiblanco
N06/11290842.JPG,Bird,11/29/19 6:22,Paula Castiblanco
N06/10170635.JPG,Bird,10/17/19 7:03,Paula Castiblanco
N06/09180453.JPG,Bird,9/18/19 6:39,Paula Castiblanco
N06/10150608.JPG,Black Agouti,10/15/19 17:13,Paula Castiblanco
N06/08060172.JPG,Bird,8/6/19 6:16,Paula Castiblanco
N06/08060186.JPG,Bird,8/6/19 9:34,Paula Castiblanco
N06/08180298.JPG,Spotted Paca,8/18/19 20:57,Paula Castiblanco
N06/11220821.JPG,Southern Tamandua,11/22/19 4:20,Paula Castiblanco
N06/08050168.JPG,Bird,8/5/19 10:47,Paula Castiblanco
N06/08030107.JPG,Bird,8/3/19 12:46,Paula Castiblanco
N06/12270986.JPG,Crestless Curassow,12/27/19 14:50,Paula Castiblanco
N06/10250690.JPG,Bird,10/25/19 15:45,Paula Castiblanco
N06/10260705.JPG,Rodent,10/26/19 3:18,Paula Castiblanco
N06/12240970.JPG,Bird,12/24/19 10:18,Paula Castiblanco
N06/10270715.JPG,Bird,10/27/19 10:47,Paula Castiblanco
N06/11070764.JPG,Amazonian Motmot,11/7/19 8:30,Paula Castiblanco
N06/10110590.JPG,Bird,10/11/19 16:02,Paula Castiblanco
N06/08030098.JPG,Bird,8/3/19 8:34,Paula Castiblanco
N06/08070196.JPG,Bird,8/7/19 6:15,Paula Castiblanco
N06/08160288.JPG,Bird,8/16/19 8:35,Paula Castiblanco
N06/12260979.JPG,Crestless Curassow,12/26/19 6:59,Paula Castiblanco
N06/08300361.JPG,Spotted Paca,8/30/19 23:36,Paula Castiblanco
N06/09010387.JPG,Black Agouti,9/1/19 5:56,Paula Castiblanco
N06/10250674.JPG,Southern Tamandua,10/25/19 2:46,Paula Castiblanco
N06/09180454.JPG,Collared Peccary,9/18/19 8:36,Paula Castiblanco
N06/10190639.JPG,Bird,10/19/19 5:48,Paula Castiblanco
N06/08050149.JPG,Bird,8/5/19 6:28,Paula Castiblanco
N06/10230655.JPG,Unknown,10/23/19 19:28,Paula Castiblanco
N06/10050527.JPG,Bird,10/5/19 7:42,Paula Castiblanco
N06/08060184.JPG,Bird,8/6/19 9:34,Paula Castiblanco
N06/11040742.JPG,Human,11/4/19 9:39,Paula Castiblanco
N06/11200797.JPG,Rodent,11/20/19 21:19,Paula Castiblanco
N06/07280038.JPG,Spix's Guan,7/28/19 17:43,Paula Castiblanco
N06/10160618.JPG,Spotted Paca,10/16/19 2:30,Paula Castiblanco
N06/10160616.JPG,Spotted Paca,10/16/19 2:30,Paula Castiblanco
N06/12100934.JPG,Caprimulgidae Family,12/10/19 5:38,Paula Castiblanco
N06/10250679.JPG,Southern Tamandua,10/25/19 2:46,Paula Castiblanco
N06/11040738.JPG,Human,11/4/19 9:37,Paula Castiblanco
N06/08070201.JPG,Bird,8/7/19 6:15,Paula Castiblanco
N06/08220317.JPG,Bird,8/22/19 11:54,Paula Castiblanco
N06/10230646.JPG,Bird,10/23/19 6:05,Paula Castiblanco
N06/12080919.JPG,Rodent,12/8/19 22:11,Paula Castiblanco
N06/08160277.JPG,Bird,8/16/19 6:45,Paula Castiblanco
N06/12030877.JPG,Rodent,12/3/19 2:31,Paula Castiblanco
N06/08060192.JPG,Bird,8/6/19 11:07,Paula Castiblanco
N06/12270988.JPG,Crestless Curassow,12/27/19 14:50,Paula Castiblanco
N06/08070204.JPG,Bird,8/7/19 6:15,Paula Castiblanco
N06/12270993.JPG,Rodent,12/27/19 19:08,Paula Castiblanco
N06/12020866.JPG,Crestless Curassow,12/2/19 5:59,Paula Castiblanco
N06/08180299.JPG,Spotted Paca,8/18/19 20:57,Paula Castiblanco
N06/10230648.JPG,Bird,10/23/19 6:05,Paula Castiblanco
N06/10250702.JPG,Rodent,10/25/19 18:39,Paula Castiblanco
N06/08080211.JPG,Bird,8/8/19 6:08,Paula Castiblanco
N06/10100573.JPG,Bird,10/10/19 12:19,Paula Castiblanco
N06/09020393.JPG,Black Agouti,9/2/19 6:01,Paula Castiblanco
N06/08080207.JPG,Bird,8/8/19 5:57,Paula Castiblanco
N06/08270349.JPG,Crestless Curassow,8/27/19 16:06,Paula Castiblanco
N06/09180468.JPG,Collared Peccary,9/18/19 8:37,Paula Castiblanco
N06/11150778.JPG,Unknown,11/15/19 6:53,Paula Castiblanco
N06/12070882.JPG,Bird,12/7/19 15:57,Paula Castiblanco
N06/08040132.JPG,Bird,8/4/19 6:26,Paula Castiblanco
N06/11200794.JPG,Rodent,11/20/19 21:01,Paula Castiblanco
N06/08220321.JPG,Bird,8/22/19 12:04,Paula Castiblanco
N06/11150788.JPG,South American Coati,11/15/19 17:03,Paula Castiblanco
N06/10160623.JPG,Possum Family,10/16/19 4:45,Paula Castiblanco
N06/10230656.JPG,Unknown,10/23/19 19:28,Paula Castiblanco
N06/08120237.JPG,Bird,8/12/19 6:18,Paula Castiblanco
N06/12010854.JPG,Unknown,12/1/19 4:43,Paula Castiblanco
N06/08260340.JPG,Black Agouti,8/26/19 13:16,Paula Castiblanco
N06/10110581.JPG,Bird,10/11/19 13:12,Paula Castiblanco
N06/10260707.JPG,Rodent,10/26/19 3:18,Paula Castiblanco
N06/08120240.JPG,Bird,8/12/19 17:16,Paula Castiblanco
N06/08040136.JPG,Bird,8/4/19 8:17,Paula Castiblanco
N06/10090556.JPG,Bird,10/9/19 6:43,Paula Castiblanco
N06/08060171.JPG,Bird,8/6/19 6:16,Paula Castiblanco
N06/01010021.JPG,Rodent,1/1/20 2:34,Paula Castiblanco
N06/08150266.JPG,Bird,8/15/19 17:13,Paula Castiblanco
N06/10230669.JPG,Spotted Paca,10/23/19 19:44,Paula Castiblanco
N06/07230021.JPG,Possum Family,7/23/19 22:40,Paula Castiblanco
N06/08250332.JPG,Spix's Guan,8/25/19 11:32,Paula Castiblanco
N06/08160282.JPG,Bird,8/16/19 8:34,Paula Castiblanco
N06/09180471.JPG,Collared Peccary,9/18/19 8:37,Paula Castiblanco
N06/10100566.JPG,Bird,10/10/19 12:18,Paula Castiblanco
N06/11200795.JPG,Rodent,11/20/19 21:01,Paula Castiblanco
N06/11200802.JPG,Rodent,11/20/19 21:31,Paula Castiblanco
N06/12300014.JPG,Bird,12/30/19 7:33,Paula Castiblanco
N06/08040144.JPG,Bird,8/4/19 11:55,Paula Castiblanco
N06/10250683.JPG,Southern Tamandua,10/25/19 2:46,Paula Castiblanco
N06/09180447.JPG,Bird,9/18/19 6:38,Paula Castiblanco
N06/12200964.JPG,Rodent,12/20/19 23:38,Paula Castiblanco
N06/08150257.JPG,Bird,8/15/19 6:04,Paula Castiblanco
N06/12070898.JPG,Caprimulgidae Family,12/7/19 18:07,Paula Castiblanco
N06/10070547.JPG,Puma,10/7/19 21:27,Paula Castiblanco
N06/12010852.JPG,Unknown,12/1/19 4:43,Paula Castiblanco
N06/12010857.JPG,Unknown,12/1/19 4:43,Paula Castiblanco
N06/09180455.JPG,Collared Peccary,9/18/19 8:36,Paula Castiblanco
N06/08050165.JPG,Bird,8/5/19 10:46,Paula Castiblanco
N06/07300067.JPG,Bird,7/30/19 9:45,Paula Castiblanco
N06/10050535.JPG,Bird,10/5/19 8:08,Paula Castiblanco
N06/12020875.JPG,Rodent,12/2/19 22:26,Paula Castiblanco
N06/08220319.JPG,Bird,8/22/19 12:04,Paula Castiblanco
N06/08030087.JPG,Bird,8/3/19 8:34,Paula Castiblanco
N06/09180456.JPG,Collared Peccary,9/18/19 8:36,Paula Castiblanco
N06/12240974.JPG,Bird,12/24/19 17:34,Paula Castiblanco
N06/08180300.JPG,Spotted Paca,8/18/19 20:57,Paula Castiblanco
N06/10100567.JPG,Bird,10/10/19 12:18,Paula Castiblanco
N06/09180446.JPG,Bird,9/18/19 6:38,Paula Castiblanco
N06/12070894.JPG,Caprimulgidae Family,12/7/19 18:07,Paula Castiblanco
N06/11200793.JPG,Rodent,11/20/19 21:01,Paula Castiblanco
N06/07300068.JPG,Bird,7/30/19 9:45,Paula Castiblanco
N06/08240325.JPG,Spotted Paca,8/24/19 22:20,Paula Castiblanco
N06/07290054.JPG,Spotted Paca,7/29/19 23:11,Paula Castiblanco
N06/10280719.JPG,Bird,10/28/19 6:54,Paula Castiblanco
N06/01010018.JPG,Rodent,1/1/20 2:34,Paula Castiblanco
N06/08030099.JPG,Bird,8/3/19 8:34,Paula Castiblanco
N06/12020867.JPG,Crestless Curassow,12/2/19 5:59,Paula Castiblanco
N06/08050161.JPG,Bird,8/5/19 6:37,Paula Castiblanco
N06/10070549.JPG,Puma,10/7/19 21:27,Paula Castiblanco
N06/10250677.JPG,Southern Tamandua,10/25/19 2:46,Paula Castiblanco
N06/11270830.JPG,Crestless Curassow,11/27/19 14:58,Paula Castiblanco
N06/08110220.JPG,Crestless Curassow,8/11/19 7:26,Paula Castiblanco
N06/08150264.JPG,Bird,8/15/19 6:24,Paula Castiblanco
N06/09180452.JPG,Bird,9/18/19 6:39,Paula Castiblanco
N06/08150262.JPG,Bird,8/15/19 6:24,Paula Castiblanco
N06/10230651.JPG,Spotted Paca,10/23/19 19:17,Paula Castiblanco
N06/08270345.JPG,Bird,8/27/19 6:50,Paula Castiblanco
N06/10070540.JPG,Dasypus Species,10/7/19 4:47,Paula Castiblanco
N06/08110226.JPG,Crestless Curassow,8/11/19 7:26,Paula Castiblanco
N06/08110224.JPG,Crestless Curassow,8/11/19 7:26,Paula Castiblanco
N06/10070550.JPG,Puma,10/7/19 21:27,Paula Castiblanco
N06/12080920.JPG,Rodent,12/8/19 22:11,Paula Castiblanco
N06/07230022.JPG,Possum Family,7/23/19 22:40,Paula Castiblanco
N06/10110584.JPG,Bird,10/11/19 13:12,Paula Castiblanco
N06/11120766.JPG,Bird,11/12/19 15:22,Paula Castiblanco
N06/08150256.JPG,Bird,8/15/19 6:04,Paula Castiblanco
N06/12020876.JPG,Rodent,12/2/19 22:26,Paula Castiblanco
N06/10030515.JPG,Crestless Curassow,10/3/19 8:12,Paula Castiblanco
N06/09040407.JPG,Bird,9/4/19 7:58,Paula Castiblanco
N06/08070198.JPG,Bird,8/7/19 6:15,Paula Castiblanco
N06/12270987.JPG,Crestless Curassow,12/27/19 14:50,Paula Castiblanco
N06/12270004.JPG,Rodent,12/27/19 20:09,Paula Castiblanco
N06/12270989.JPG,Crestless Curassow,12/27/19 14:50,Paula Castiblanco
N06/08060183.JPG,Bird,8/6/19 9:34,Paula Castiblanco
N06/12020869.JPG,Crestless Curassow,12/2/19 5:59,Paula Castiblanco
N06/07300069.JPG,Bird,7/30/19 9:45,Paula Castiblanco
N06/01010016.JPG,Rodent,1/1/20 2:34,Paula Castiblanco
N06/10230667.JPG,Spotted Paca,10/23/19 19:44,Paula Castiblanco
N06/12270996.JPG,Rodent,12/27/19 19:08,Paula Castiblanco
N06/08070202.JPG,Bird,8/7/19 6:15,Paula Castiblanco
N06/11210808.JPG,Southern Tamandua,11/21/19 5:10,Paula Castiblanco
N06/09120428.JPG,Bird,9/12/19 10:35,Paula Castiblanco
N06/10110595.JPG,Bird,10/11/19 16:04,Paula Castiblanco
N06/09140436.JPG,Bird,9/14/19 11:51,Paula Castiblanco
N06/08030115.JPG,Bird,8/3/19 12:48,Paula Castiblanco
N06/08060177.JPG,Bird,8/6/19 6:16,Paula Castiblanco
N06/08030104.JPG,Bird,8/3/19 12:45,Paula Castiblanco
N06/12190959.JPG,Crestless Curassow,12/19/19 6:55,Paula Castiblanco
N06/10250673.JPG,Southern Tamandua,10/25/19 2:46,Paula Castiblanco
N06/09180460.JPG,Collared Peccary,9/18/19 8:37,Paula Castiblanco
N06/11070763.JPG,Amazonian Motmot,11/7/19 8:30,Paula Castiblanco
N06/10070542.JPG,Dasypus Species,10/7/19 4:47,Paula Castiblanco
N06/10100565.JPG,Bird,10/10/19 12:18,Paula Castiblanco
N06/08040138.JPG,Bird,8/4/19 8:17,Paula Castiblanco
N06/11210811.JPG,Southern Tamandua,11/21/19 5:10,Paula Castiblanco
N06/09300503.JPG,Lizards and Snakes,9/30/19 16:18,Paula Castiblanco
N06/09010382.JPG,Black Agouti,9/1/19 5:56,Paula Castiblanco
N06/12270005.JPG,Rodent,12/27/19 20:09,Paula Castiblanco
N06/07230017.JPG,Possum Family,7/23/19 22:40,Paula Castiblanco
N06/09180465.JPG,Collared Peccary,9/18/19 8:37,Paula Castiblanco
N06/12240971.JPG,Bird,12/24/19 10:18,Paula Castiblanco
N06/08110221.JPG,Crestless Curassow,8/11/19 7:26,Paula Castiblanco
N06/10100560.JPG,Bird,10/10/19 8:15,Paula Castiblanco
N06/08190304.JPG,Bird,8/19/19 17:42,Paula Castiblanco
N06/08220318.JPG,Bird,8/22/19 11:54,Paula Castiblanco
N06/12270991.JPG,Rodent,12/27/19 19:08,Paula Castiblanco
N06/09250480.JPG,Bird,9/25/19 13:20,Paula Castiblanco
N06/10040519.JPG,Bird,10/4/19 7:32,Paula Castiblanco
N06/09110424.JPG,Unknown,9/11/19 23:24,Paula Castiblanco
N06/11120772.JPG,Bird,11/12/19 15:22,Paula Castiblanco
N06/10250700.JPG,Rodent,10/25/19 18:39,Paula Castiblanco
N06/08250336.JPG,Spix's Guan,8/25/19 11:32,Paula Castiblanco
N06/07280043.JPG,Spix's Guan,7/28/19 17:44,Paula Castiblanco
N06/09040400.JPG,Bird,9/4/19 7:58,Paula Castiblanco
N06/11290844.JPG,Bird,11/29/19 10:47,Paula Castiblanco
N06/10190638.JPG,Bird,10/19/19 5:48,Paula Castiblanco
N06/09040406.JPG,Bird,9/4/19 7:58,Paula Castiblanco
N06/10210640.JPG,Spotted Paca,10/21/19 18:37,Paula Castiblanco
N06/10110594.JPG,Bird,10/11/19 16:03,Paula Castiblanco
N06/11200800.JPG,Rodent,11/20/19 21:19,Paula Castiblanco
N06/12010856.JPG,Unknown,12/1/19 4:43,Paula Castiblanco
N06/08310369.JPG,Possum Family,8/31/19 1:28,Paula Castiblanco
N06/11200790.JPG,Bird,11/20/19 16:14,Paula Castiblanco
N06/08030111.JPG,Bird,8/3/19 12:46,Paula Castiblanco
N06/12020862.JPG,Rodent,12/2/19 4:39,Paula Castiblanco
N06/11290845.JPG,Bird,11/29/19 10:47,Paula Castiblanco
N06/08160278.JPG,Bird,8/16/19 6:45,Paula Castiblanco
N06/12070905.JPG,Caprimulgidae Family,12/7/19 18:08,Paula Castiblanco
N06/08060188.JPG,Bird,8/6/19 9:34,Paula Castiblanco
N06/11290843.JPG,Bird,11/29/19 6:22,Paula Castiblanco
N06/12150944.JPG,Rodent,12/15/19 18:05,Paula Castiblanco
N06/11020722.JPG,Tayra,11/2/19 10:58,Paula Castiblanco
N06/08160275.JPG,Bird,8/16/19 6:45,Paula Castiblanco
N06/08180294.JPG,Bird,8/18/19 7:48,Paula Castiblanco
N06/09250481.JPG,Bird,9/25/19 13:20,Paula Castiblanco
N06/08050155.JPG,Bird,8/5/19 6:30,Paula Castiblanco
N06/09040402.JPG,Bird,9/4/19 7:58,Paula Castiblanco
N06/01010017.JPG,Rodent,1/1/20 2:34,Paula Castiblanco
N06/08240326.JPG,Spotted Paca,8/24/19 22:20,Paula Castiblanco
N06/11020721.JPG,Tayra,11/2/19 10:58,Paula Castiblanco
N06/12150945.JPG,Rodent,12/15/19 18:05,Paula Castiblanco
N06/01030025.JPG,Giant Armadillo,1/3/20 2:09,Paula Castiblanco
N06/11220819.JPG,Southern Tamandua,11/22/19 4:20,Paula Castiblanco
N06/11040732.JPG,Human,11/4/19 9:37,Paula Castiblanco
N06/10190637.JPG,Bird,10/19/19 5:48,Paula Castiblanco
N06/07300059.JPG,Spotted Paca,7/30/19 1:52,Paula Castiblanco
N06/08150263.JPG,Bird,8/15/19 6:24,Paula Castiblanco
N06/08070194.JPG,Bird,8/7/19 6:15,Paula Castiblanco
N06/11050754.JPG,Tayra,11/5/19 15:34,Paula Castiblanco
N06/09250483.JPG,Bird,9/25/19 13:20,Paula Castiblanco
N06/12260976.JPG,Crestless Curassow,12/26/19 6:59,Paula Castiblanco
N06/08140252.JPG,Black Agouti,8/14/19 16:33,Paula Castiblanco
N06/07290050.JPG,South American Coati,7/29/19 17:47,Paula Castiblanco
N06/11120768.JPG,Bird,11/12/19 15:22,Paula Castiblanco
N06/08060176.JPG,Bird,8/6/19 6:16,Paula Castiblanco
N06/11290849.JPG,Bird,11/29/19 10:48,Paula Castiblanco
N06/10100569.JPG,Bird,10/10/19 12:19,Paula Castiblanco
N06/08070203.JPG,Bird,8/7/19 6:15,Paula Castiblanco
N06/09230475.JPG,Rodent,9/23/19 0:40,Paula Castiblanco
N06/08080206.JPG,Bird,8/8/19 5:57,Paula Castiblanco
N06/12010855.JPG,Unknown,12/1/19 4:43,Paula Castiblanco
N06/09300502.JPG,Lizards and Snakes,9/30/19 16:18,Paula Castiblanco
N06/08040130.JPG,Bird,8/4/19 6:26,Paula Castiblanco
N06/08070197.JPG,Bird,8/7/19 6:15,Paula Castiblanco
N06/10110592.JPG,Bird,10/11/19 16:03,Paula Castiblanco
N06/08030113.JPG,Bird,8/3/19 12:48,Paula Castiblanco
N06/11200799.JPG,Rodent,11/20/19 21:19,Paula Castiblanco
N06/08250335.JPG,Spix's Guan,8/25/19 11:32,Paula Castiblanco
N06/07230019.JPG,Possum Family,7/23/19 22:40,Paula Castiblanco
N06/10050536.JPG,Bird,10/5/19 8:08,Paula Castiblanco
N06/12300012.JPG,Bird,12/30/19 7:33,Paula Castiblanco
N06/12260977.JPG,Crestless Curassow,12/26/19 6:59,Paula Castiblanco
N06/10050534.JPG,Bird,10/5/19 8:08,Paula Castiblanco
N06/08140249.JPG,Bird,8/14/19 6:34,Paula Castiblanco
N06/12150950.JPG,Spotted Paca,12/15/19 22:01,Paula Castiblanco
N06/11120777.JPG,Bird,11/12/19 15:22,Paula Castiblanco
N06/09250478.JPG,Bird,9/25/19 13:20,Paula Castiblanco
N06/11070760.JPG,Possum Family,11/7/19 1:23,Paula Castiblanco
N06/11290838.JPG,Unknown,11/29/19 6:22,Paula Castiblanco
N06/08030083.JPG,Bird,8/3/19 8:33,Paula Castiblanco
N06/10160619.JPG,Spotted Paca,10/16/19 2:30,Paula Castiblanco
N06/12260983.JPG,Crestless Curassow,12/26/19 8:35,Paula Castiblanco
N06/09020397.JPG,Bird,9/2/19 11:57,Paula Castiblanco
N06/10230670.JPG,Spotted Paca,10/23/19 19:44,Paula Castiblanco
N06/12300015.JPG,Bird,12/30/19 7:33,Paula Castiblanco
N06/09040403.JPG,Bird,9/4/19 7:58,Paula Castiblanco
N06/08050158.JPG,Bird,8/5/19 6:37,Paula Castiblanco
N06/12020865.JPG,Crestless Curassow,12/2/19 5:59,Paula Castiblanco
N06/12070887.JPG,Bird,12/7/19 15:58,Paula Castiblanco
N06/11220822.JPG,Southern Tamandua,11/22/19 4:20,Paula Castiblanco
N06/12070906.JPG,Caprimulgidae Family,12/7/19 18:08,Paula Castiblanco
N06/08070199.JPG,Bird,8/7/19 6:15,Paula Castiblanco
N06/09120429.JPG,Bird,9/12/19 10:35,Paula Castiblanco
N06/08040125.JPG,Bird,8/4/19 6:23,Paula Castiblanco
N06/11120770.JPG,Bird,11/12/19 15:22,Paula Castiblanco
N06/09010385.JPG,Black Agouti,9/1/19 5:56,Paula Castiblanco
N06/08200308.JPG,Bird,8/20/19 17:09,Paula Castiblanco
N06/01030033.JPG,Giant Armadillo,1/3/20 2:09,Paula Castiblanco
N06/10010509.JPG,Bird,10/1/19 16:34,Paula Castiblanco
N06/11220816.JPG,Southern Tamandua,11/22/19 4:19,Paula Castiblanco
N06/10150609.JPG,Black Agouti,10/15/19 17:13,Paula Castiblanco
N06/08310367.JPG,Possum Family,8/31/19 1:28,Paula Castiblanco
N06/08030084.JPG,Bird,8/3/19 8:33,Paula Castiblanco
N06/12180957.JPG,Crestless Curassow,12/18/19 6:44,Paula Castiblanco
N06/12070904.JPG,Caprimulgidae Family,12/7/19 18:08,Paula Castiblanco
N06/10040518.JPG,Bird,10/4/19 7:32,Paula Castiblanco
N06/08120235.JPG,Bird,8/12/19 6:18,Paula Castiblanco
N06/08030108.JPG,Bird,8/3/19 12:46,Paula Castiblanco
N06/12190960.JPG,Crestless Curassow,12/19/19 6:55,Paula Castiblanco
N06/09020398.JPG,Bird,9/2/19 11:57,Paula Castiblanco
N06/08300362.JPG,Spotted Paca,8/30/19 23:36,Paula Castiblanco
N06/01030027.JPG,Giant Armadillo,1/3/20 2:09,Paula Castiblanco
N06/08200307.JPG,Bird,8/20/19 17:09,Paula Castiblanco
N06/10100575.JPG,Bird,10/10/19 12:19,Paula Castiblanco
N06/01010019.JPG,Rodent,1/1/20 2:34,Paula Castiblanco
N06/10100564.JPG,Bird,10/10/19 8:15,Paula Castiblanco
N06/12080914.JPG,Crestless Curassow,12/8/19 17:15,Paula Castiblanco
N06/09180466.JPG,Collared Peccary,9/18/19 8:37,Paula Castiblanco
N06/09180458.JPG,Collared Peccary,9/18/19 8:37,Paula Castiblanco
N06/08040122.JPG,Bird,8/4/19 6:23,Paula Castiblanco
N06/08180289.JPG,Bird,8/18/19 6:29,Paula Castiblanco
N06/10230668.JPG,Spotted Paca,10/23/19 19:44,Paula Castiblanco
N06/10170636.JPG,Bird,10/17/19 7:03,Paula Castiblanco
N06/10210642.JPG,Spotted Paca,10/21/19 18:37,Paula Castiblanco
N06/12180956.JPG,Crestless Curassow,12/18/19 6:44,Paula Castiblanco
N06/11270832.JPG,Crestless Curassow,11/27/19 14:58,Paula Castiblanco
N06/11200804.JPG,Rodent,11/20/19 21:31,Paula Castiblanco
N06/11040724.JPG,Possum Family,11/4/19 1:33,Paula Castiblanco
N06/12010850.JPG,Unknown,12/1/19 4:43,Paula Castiblanco
N06/12080915.JPG,Crestless Curassow,12/8/19 17:15,Paula Castiblanco
N06/12020868.JPG,Crestless Curassow,12/2/19 5:59,Paula Castiblanco
N06/11070761.JPG,Possum Family,11/7/19 1:24,Paula Castiblanco
N06/08140254.JPG,Black Agouti,8/14/19 16:33,Paula Castiblanco
N06/09040405.JPG,Bird,9/4/19 7:58,Paula Castiblanco
N06/12270994.JPG,Rodent,12/27/19 19:08,Paula Castiblanco
N06/12070895.JPG,Caprimulgidae Family,12/7/19 18:07,Paula Castiblanco
N06/12070901.JPG,Caprimulgidae Family,12/7/19 18:08,Paula Castiblanco
N06/08030106.JPG,Bird,8/3/19 12:46,Paula Castiblanco
N06/11220820.JPG,Southern Tamandua,11/22/19 4:20,Paula Castiblanco
N06/08270343.JPG,Bird,8/27/19 6:50,Paula Castiblanco
N06/12100935.JPG,Caprimulgidae Family,12/10/19 5:38,Paula Castiblanco
N06/10260713.JPG,Rodent,10/26/19 21:49,Paula Castiblanco
N06/07280040.JPG,Spix's Guan,7/28/19 17:43,Paula Castiblanco
N06/01030035.JPG,Giant Armadillo,1/3/20 2:09,Paula Castiblanco
N06/01040037.JPG,Bird,1/4/20 6:59,Paula Castiblanco
N06/09140433.JPG,Bird,9/14/19 11:51,Paula Castiblanco
N06/10260708.JPG,Rodent,10/26/19 3:18,Paula Castiblanco
N06/09180457.JPG,Collared Peccary,9/18/19 8:36,Paula Castiblanco
N06/08140253.JPG,Black Agouti,8/14/19 16:33,Paula Castiblanco
N06/07300061.JPG,Spotted Paca,7/30/19 1:52,Paula Castiblanco
N06/11050752.JPG,Tayra,11/5/19 15:33,Paula Castiblanco
N06/11220817.JPG,Southern Tamandua,11/22/19 4:20,Paula Castiblanco
N06/09250485.JPG,Bird,9/25/19 13:22,Paula Castiblanco
N06/12010851.JPG,Unknown,12/1/19 4:43,Paula Castiblanco
N06/08270347.JPG,Bird,8/27/19 6:50,Paula Castiblanco
N06/10250688.JPG,Bird,10/25/19 15:45,Paula Castiblanco
N06/10160625.JPG,Bird,10/16/19 7:33,Paula Castiblanco
N06/07300066.JPG,Bird,7/30/19 9:45,Paula Castiblanco
N06/08180295.JPG,Bird,8/18/19 7:48,Paula Castiblanco
N06/09080418.JPG,Rodent,9/8/19 5:34,Paula Castiblanco
N06/10130604.JPG,Spix's Guan,10/13/19 16:32,Paula Castiblanco
N06/10160621.JPG,Spotted Paca,10/16/19 2:30,Paula Castiblanco
N06/08310379.JPG,Black Agouti,8/31/19 6:02,Paula Castiblanco
N06/10050520.JPG,Bird,10/5/19 7:42,Paula Castiblanco
N06/08030109.JPG,Bird,8/3/19 12:46,Paula Castiblanco
N06/10100576.JPG,Bird,10/10/19 12:19,Paula Castiblanco
N06/09270497.JPG,Black Agouti,9/27/19 14:31,Paula Castiblanco
N06/10050521.JPG,Bird,10/5/19 7:42,Paula Castiblanco
N06/10100578.JPG,Bird,10/10/19 12:19,Paula Castiblanco
N06/10250686.JPG,Southern Tamandua,10/25/19 2:47,Paula Castiblanco
N06/11120774.JPG,Bird,11/12/19 15:22,Paula Castiblanco
N06/12170952.JPG,Bird,12/17/19 12:43,Paula Castiblanco
N06/12080921.JPG,Rodent,12/8/19 22:11,Paula Castiblanco
N06/12070884.JPG,Bird,12/7/19 15:57,Paula Castiblanco
N06/09250486.JPG,Bird,9/25/19 13:22,Paula Castiblanco
N06/08310373.JPG,Black Agouti,8/31/19 6:02,Paula Castiblanco
N06/08180290.JPG,Bird,8/18/19 6:29,Paula Castiblanco
N06/08040128.JPG,Bird,8/4/19 6:23,Paula Castiblanco
N06/10250694.JPG,Bird,10/25/19 15:46,Paula Castiblanco
N06/11200792.JPG,Bird,11/20/19 16:14,Paula Castiblanco
N06/12100938.JPG,Caprimulgidae Family,12/10/19 5:39,Paula Castiblanco
N06/01010020.JPG,Rodent,1/1/20 2:34,Paula Castiblanco
N06/08250337.JPG,Black Agouti,8/25/19 17:46,Paula Castiblanco
N06/12080922.JPG,Rodent,12/8/19 22:11,Paula Castiblanco
N06/11040740.JPG,Human,11/4/19 9:39,Paula Castiblanco
N06/08030097.JPG,Bird,8/3/19 8:34,Paula Castiblanco
N06/12260980.JPG,Crestless Curassow,12/26/19 6:59,Paula Castiblanco
N06/08110225.JPG,Crestless Curassow,8/11/19 7:26,Paula Castiblanco
N06/07230023.JPG,Possum Family,7/23/19 22:40,Paula Castiblanco
N06/10230650.JPG,Spotted Paca,10/23/19 19:17,Paula Castiblanco
N06/12070893.JPG,Caprimulgidae Family,12/7/19 18:07,Paula Castiblanco
N06/07280039.JPG,Spix's Guan,7/28/19 17:43,Paula Castiblanco
N06/08030093.JPG,Bird,8/3/19 8:34,Paula Castiblanco
N06/10100570.JPG,Bird,10/10/19 12:19,Paula Castiblanco
N06/12070890.JPG,Bird,12/7/19 16:02,Paula Castiblanco
N06/12150947.JPG,Spotted Paca,12/15/19 22:01,Paula Castiblanco
N06/12020871.JPG,Rodent,12/2/19 22:26,Paula Castiblanco
N06/11040736.JPG,Human,11/4/19 9:37,Paula Castiblanco
N06/08040142.JPG,Bird,8/4/19 11:55,Paula Castiblanco
N06/11120776.JPG,Bird,11/12/19 15:22,Paula Castiblanco
N06/08030092.JPG,Bird,8/3/19 8:34,Paula Castiblanco
N06/01030030.JPG,Giant Armadillo,1/3/20 2:09,Paula Castiblanco
N06/09180462.JPG,Collared Peccary,9/18/19 8:37,Paula Castiblanco
N06/10230666.JPG,Spotted Paca,10/23/19 19:44,Paula Castiblanco
N06/11150781.JPG,Unknown,11/15/19 17:02,Paula Castiblanco
N06/11200803.JPG,Rodent,11/20/19 21:31,Paula Castiblanco
N06/08250334.JPG,Spix's Guan,8/25/19 11:32,Paula Castiblanco
N06/10250691.JPG,Bird,10/25/19 15:45,Paula Castiblanco
N06/10110583.JPG,Bird,10/11/19 13:12,Paula Castiblanco
N06/08110228.JPG,Crestless Curassow,8/11/19 7:26,Paula Castiblanco
N06/08050156.JPG,Bird,8/5/19 6:30,Paula Castiblanco
N06/09270500.JPG,Black Agouti,9/27/19 14:32,Paula Castiblanco
N06/11150784.JPG,South American Coati,11/15/19 17:02,Paula Castiblanco
N06/09300504.JPG,Lizards and Snakes,9/30/19 16:18,Paula Castiblanco
N06/10050530.JPG,Bird,10/5/19 8:06,Paula Castiblanco
N06/10070543.JPG,Dasypus Species,10/7/19 4:47,Paula Castiblanco
N06/07250030.JPG,Bird,7/25/19 6:33,Paula Castiblanco
N06/11240824.JPG,Amazonian Motmot,11/24/19 10:50,Paula Castiblanco
N06/07280044.JPG,Spix's Guan,7/28/19 17:44,Paula Castiblanco
N06/10070552.JPG,Puma,10/7/19 21:27,Paula Castiblanco
N06/10280720.JPG,Bird,10/28/19 6:54,Paula Castiblanco
N06/08160276.JPG,Bird,8/16/19 6:45,Paula Castiblanco
N06/08050153.JPG,Bird,8/5/19 6:30,Paula Castiblanco
N06/12260978.JPG,Crestless Curassow,12/26/19 6:59,Paula Castiblanco
N06/09070417.JPG,Rodent,9/7/19 20:13,Paula Castiblanco
N06/10150607.JPG,Black Agouti,10/15/19 17:13,Paula Castiblanco
N06/09040404.JPG,Bird,9/4/19 7:58,Paula Castiblanco
N06/11290847.JPG,Bird,11/29/19 10:48,Paula Castiblanco
N06/12080924.JPG,Rodent,12/8/19 22:11,Paula Castiblanco
N06/10100574.JPG,Bird,10/10/19 12:19,Paula Castiblanco
N06/12150949.JPG,Spotted Paca,12/15/19 22:01,Paula Castiblanco
N06/08150259.JPG,Bird,8/15/19 6:16,Paula Castiblanco
N06/08060170.JPG,Bird,8/6/19 6:16,Paula Castiblanco
N06/08160287.JPG,Bird,8/16/19 8:35,Paula Castiblanco
N06/10250675.JPG,Southern Tamandua,10/25/19 2:46,Paula Castiblanco
N06/08200309.JPG,Bird,8/20/19 17:09,Paula Castiblanco
N06/08280357.JPG,Black Agouti,8/28/19 5:57,Paula Castiblanco
N06/10260706.JPG,Rodent,10/26/19 3:18,Paula Castiblanco
N06/08040133.JPG,Bird,8/4/19 8:16,Paula Castiblanco
N06/12300011.JPG,Bird,12/30/19 7:33,Paula Castiblanco
N06/08030102.JPG,Bird,8/3/19 8:35,Paula Castiblanco
N06/11240823.JPG,Amazonian Motmot,11/24/19 10:50,Paula Castiblanco
N06/08060173.JPG,Bird,8/6/19 6:16,Paula Castiblanco
N06/08040139.JPG,Bird,8/4/19 8:17,Paula Castiblanco
N06/08110227.JPG,Crestless Curassow,8/11/19 7:26,Paula Castiblanco
N06/10070539.JPG,Dasypus Species,10/7/19 4:47,Paula Castiblanco
N06/08160281.JPG,Bird,8/16/19 8:34,Paula Castiblanco
N06/09020391.JPG,Black Agouti,9/2/19 6:01,Paula Castiblanco
N06/08180297.JPG,Bird,8/18/19 7:48,Paula Castiblanco
N06/07230015.JPG,Bird,7/23/19 13:44,Paula Castiblanco
N06/08050167.JPG,Bird,8/5/19 10:47,Paula Castiblanco
N06/11290848.JPG,Bird,11/29/19 10:48,Paula Castiblanco
N06/08220316.JPG,Bird,8/22/19 11:54,Paula Castiblanco
N06/11210812.JPG,Southern Tamandua,11/21/19 5:10,Paula Castiblanco
N06/08040143.JPG,Bird,8/4/19 11:55,Paula Castiblanco
N06/10070548.JPG,Puma,10/7/19 21:27,Paula Castiblanco
N06/12170954.JPG,Bird,12/17/19 12:43,Paula Castiblanco
N06/07280042.JPG,Spix's Guan,7/28/19 17:43,Paula Castiblanco
N06/08310368.JPG,Possum Family,8/31/19 1:28,Paula Castiblanco
N06/12070892.JPG,Caprimulgidae Family,12/7/19 18:07,Paula Castiblanco
N06/10070541.JPG,Dasypus Species,10/7/19 4:47,Paula Castiblanco
N06/10010511.JPG,Bird,10/1/19 16:34,Paula Castiblanco
N06/10280718.JPG,Bird,10/28/19 6:54,Paula Castiblanco
N06/08310375.JPG,Black Agouti,8/31/19 6:02,Paula Castiblanco
N06/08300363.JPG,Spotted Paca,8/30/19 23:36,Paula Castiblanco
N06/08030117.JPG,Bird,8/3/19 12:48,Paula Castiblanco
N06/09070416.JPG,Rodent,9/7/19 20:13,Paula Castiblanco
N06/12070886.JPG,Bird,12/7/19 15:58,Paula Castiblanco
N06/11150789.JPG,South American Coati,11/15/19 17:03,Paula Castiblanco
N06/10160620.JPG,Spotted Paca,10/16/19 2:30,Paula Castiblanco
N06/10040517.JPG,Bird,10/4/19 7:31,Paula Castiblanco
N06/08050150.JPG,Bird,8/5/19 6:28,Paula Castiblanco
N06/10160632.JPG,Rodent,10/16/19 22:13,Paula Castiblanco
N06/10250678.JPG,Southern Tamandua,10/25/19 2:46,Paula Castiblanco
N06/08040127.JPG,Bird,8/4/19 6:23,Paula Castiblanco
N06/08050154.JPG,Bird,8/5/19 6:30,Paula Castiblanco
N06/12200965.JPG,Rodent,12/20/19 23:38,Paula Castiblanco
N06/09270492.JPG,Bird,9/27/19 12:44,Paula Castiblanco
N06/10110582.JPG,Bird,10/11/19 13:12,Paula Castiblanco
N06/08040145.JPG,Bird,8/4/19 11:55,Paula Castiblanco
N06/07230010.JPG,Bird,7/23/19 13:44,Paula Castiblanco
N06/10110596.JPG,Bird,10/11/19 16:04,Paula Castiblanco
N06/08100214.JPG,Black Agouti,8/10/19 12:23,Paula Castiblanco
N06/09120427.JPG,Bird,9/12/19 10:35,Paula Castiblanco
N06/07280041.JPG,Spix's Guan,7/28/19 17:43,Paula Castiblanco
N06/08160272.JPG,Bird,8/16/19 6:45,Paula Castiblanco
N06/08070193.JPG,Bird,8/7/19 6:15,Paula Castiblanco
N06/08060191.JPG,Bird,8/6/19 11:07,Paula Castiblanco
N06/10160617.JPG,Spotted Paca,10/16/19 2:30,Paula Castiblanco
N06/08040126.JPG,Bird,8/4/19 6:23,Paula Castiblanco
N06/10110588.JPG,Bird,10/11/19 13:12,Paula Castiblanco
N06/12030878.JPG,Rodent,12/3/19 2:31,Paula Castiblanco
N06/08030101.JPG,Bird,8/3/19 8:34,Paula Castiblanco
N06/12150948.JPG,Spotted Paca,12/15/19 22:01,Paula Castiblanco
N06/11040747.JPG,Human,11/4/19 9:39,Paula Castiblanco
N06/12270997.JPG,Rodent,12/27/19 19:08,Paula Castiblanco
N06/09140435.JPG,Bird,9/14/19 11:51,Paula Castiblanco
N06/07280031.JPG,Spix's Guan,7/28/19 17:20,Paula Castiblanco
N06/11050756.JPG,Tayra,11/5/19 15:34,Paula Castiblanco
N06/10260704.JPG,Rodent,10/26/19 3:18,Paula Castiblanco
N06/10050532.JPG,Bird,10/5/19 8:08,Paula Castiblanco
N06/09040401.JPG,Bird,9/4/19 7:58,Paula Castiblanco
N06/10110585.JPG,Bird,10/11/19 13:12,Paula Castiblanco
N06/08130242.JPG,Bird,8/13/19 5:59,Paula Castiblanco
N06/11120775.JPG,Bird,11/12/19 15:22,Paula Castiblanco
N06/10230664.JPG,Spotted Paca,10/23/19 19:44,Paula Castiblanco
N06/07220002.JPG,Human,7/22/19 13:58,Paula Castiblanco
N06/08160273.JPG,Bird,8/16/19 6:45,Paula Castiblanco
N06/10260703.JPG,Rodent,10/26/19 3:18,Paula Castiblanco
N06/11040737.JPG,Human,11/4/19 9:37,Paula Castiblanco
N06/11270829.JPG,Crestless Curassow,11/27/19 14:58,Paula Castiblanco
N06/10230649.JPG,Spotted Paca,10/23/19 19:17,Paula Castiblanco
N06/08030077.JPG,Bird,8/3/19 6:05,Paula Castiblanco
N06/08030112.JPG,Bird,8/3/19 12:48,Paula Castiblanco
N06/08030076.JPG,Bird,8/3/19 6:05,Paula Castiblanco
N06/08040124.JPG,Bird,8/4/19 6:23,Paula Castiblanco
N06/10050528.JPG,Blank,10/5/19 7:42,Juliana Velez
